VendorName,AvgLeadTime,MedianLeadTime,StdLeadTime,OrderCount,Reliability
HIGHLAND WINE MERCHANTS LLC,5.321428571428571,6.0,2.1782352936973997,28,Moderate
LOYAL DOG WINERY           ,5.95,5.5,2.438183102661747,20,Moderate
MARTIGNETTI COMPANIES ,6.697278911564626,7.0,1.9725573075323197,294,Consistent
ALISA CARR BEVERAGES           ,6.809523809523809,7.0,2.7230032214044115,63,Moderate
Circa Wines                ,6.948497854077253,7.0,1.9776575030446555,233,Consistent
PHILLIPS PRODUCTS CO.      ,7.012447299739009,7.0,2.109132383499847,4981,Moderate
SEA HAGG DISTILLERY LLC    ,7.022823330515638,7.0,2.0382102418327905,1183,Consistent
NICHE W & S                ,7.069796954314721,7.0,2.350257810485212,788,Moderate
MOONLIGHT MEADERY          ,7.083700440528634,7.0,2.478207688113788,681,Moderate
Serralles Usa LLC          ,7.117296222664016,7.0,2.12915821409671,1509,Consistent
WEIN BAUER INC             ,7.126865671641791,7.0,2.022646010713204,402,Consistent
TRINCHERO FAMILY ESTATES   ,7.129842806047308,7.0,2.2769943584960117,33271,Moderate
MAJESTIC FINE WINES        ,7.197300416478499,7.0,2.1130747843556676,19929,Consistent
PROXIMO SPIRITS INC.       ,7.2394125811170715,7.0,2.169569859213806,53318,Consistent
VINILANDIA USA             ,7.243993828521049,7.0,2.0651267321196025,4537,Consistent
BULLY BOY DISTILLERS       ,7.2604588394062075,7.0,2.435306585947705,741,Moderate
PERFECTA WINES             ,7.268150595600383,7.0,2.3059371133974684,34503,Moderate
TREASURY WINE ESTATES      ,7.301543799658051,7.0,2.2225988887083292,39772,Moderate
EDRINGTON AMERICAS         ,7.332297698065245,7.0,2.2076236526159394,7081,Moderate
TAKARA SAKE USA INC        ,7.345997286295794,7.0,2.2938868108691803,737,Moderate
CAMPARI AMERICA            ,7.347739501083083,7.0,2.0462998718926055,28622,Consistent
SEA BREEZE CELLARS LLC     ,7.353637901861252,7.0,2.172669091354483,591,Consistent
HEAVEN HILL DISTILLERIES   ,7.381066506890353,7.0,2.314347175479838,31711,Moderate
AMERICAN VINTAGE BEVERAGE  ,7.385036496350365,7.0,2.0616944103483132,2192,Consistent
FORTUNE WINE BROKERS LLC   ,7.385572139303482,7.0,2.041487599026126,402,Consistent
PINE STATE TRADING CO      ,7.3902113459399335,7.0,2.1037058018195283,26970,Consistent
CHARLES JACQUIN ET CIE INC ,7.401121414707785,7.0,2.382615811178197,4637,Moderate
DIAGEO CHATEAU ESTATE WINES,7.4202816445451605,7.0,2.163425746526711,12356,Consistent
MOET HENNESSY USA INC      ,7.431354549163607,7.0,2.117798473937425,29412,Consistent
APPOLO VINEYARDS LLC       ,7.444444444444445,7.0,2.148110584901839,18,Consistent
"PREMIUM PORT WINES, INC.   ",7.460982658959537,7.0,2.1015969848710228,692,Consistent
PALM BAY INTERNATIONAL INC ,7.470642967145791,7.0,2.312394105749024,31168,Moderate
STELLAR IMPORTING CO LLC   ,7.471111111111111,8.0,2.240119398745281,225,Consistent
BANFI PRODUCTS CORP        ,7.472522330923011,8.0,2.136338824167145,23510,Consistent
CASTLE BRANDS CORP.        ,7.473535939900973,7.0,2.27676687216682,11714,Moderate
VINEYARD BRANDS INC        ,7.47680690399137,7.0,2.3200777553443315,12051,Moderate
SAZERAC NORTH AMERICA INC. ,7.5065064143858935,7.0,2.229070396210696,54331,Consistent
JIM BEAM BRANDS COMPANY    ,7.512969362383581,7.0,2.3961970164295745,189832,Moderate
SOUTHERN WINE & SPIRITS NE ,7.528990358864489,8.0,2.261760388105434,29872,Moderate
SAZERAC CO INC             ,7.5330224487582695,8.0,2.1705821160176355,92210,Consistent
DUGGANS DISTILLED PRODUCTS ,7.539695268644747,7.0,2.210761851681267,1247,Consistent
SMOKY QUARTZ DISTILLERY LLC,7.547101449275362,8.0,2.4778199224020376,276,Moderate
BROWN-FORMAN CORP          ,7.547417051658967,8.0,2.2234607165759055,59525,Consistent
CANDIA VINEYARDS           ,7.548672566371682,8.0,2.3361550574203576,226,Moderate
DIAGEO NORTH AMERICA INC   ,7.5496494414900175,8.0,2.1911787929352227,243326,Consistent
PERNOD RICARD USA          ,7.560950451622496,8.0,2.175478339533244,107612,Consistent
INCREDIBREW INC            ,7.562770562770563,8.0,1.9724624059235856,231,Consistent
LAIRD & CO                 ,7.564833672776646,7.0,2.0984690304859983,1473,Consistent
POVERTY LANE ORCHARDS      ,7.5702127659574465,8.0,2.204464832977991,470,Consistent
ALTAMAR BRANDS LLC         ,7.578947368421052,7.0,2.427133585859877,57,Moderate
STE MICHELLE WINE ESTATES  ,7.58168869361868,8.0,2.2405908168269946,28223,Consistent
REMY COINTREAU USA INC     ,7.582899099952629,8.0,2.241472077502688,12666,Consistent
LATITUDE BEVERAGE COMPANY  ,7.604954714970698,8.0,2.081803456967138,3754,Consistent
ADAMBA IMPORTS INTL INC    ,7.605431309904153,8.0,2.11642775772624,626,Consistent
VRANKEN AMERICA            ,7.610669693530079,8.0,2.2031639709334168,881,Consistent
MHW LTD                    ,7.617036558213028,8.0,2.2986357691267094,13923,Moderate
E & J GALLO WINERY         ,7.619707566726334,8.0,2.2762184884147203,162567,Consistent
KOBRAND CORPORATION        ,7.620956758597208,8.0,2.25966366704085,11748,Consistent
WINE GROUP INC             ,7.633489152357077,8.0,2.1479505853555945,106106,Consistent
LUXCO INC                  ,7.64560938682816,8.0,2.1634525461859533,26420,Consistent
VINEXTRA INC               ,7.6546583850931675,8.0,2.070281012679816,805,Consistent
MCCORMICK DISTILLING CO    ,7.666149068322981,8.0,2.22281970834979,2576,Consistent
FABRIZIA SPIRITS LLC       ,7.666558546869932,8.0,2.1102959944887028,3083,Consistent
CRUSH WINES                ,7.669260700389105,8.0,2.3181393323350967,2056,Moderate
DELICATO VINEYARDS INC     ,7.678642857142857,8.0,2.145418967167645,28000,Consistent
BACARDI USA INC            ,7.700302680574004,8.0,2.210197961611465,91846,Consistent
MARSALLE COMPANY           ,7.7086446104589115,8.0,2.218670768094224,937,Consistent
THE IMPORTED GRAPE LLC     ,7.729166666666667,7.0,2.2088786412245334,192,Consistent
CONSTELLATION BRANDS INC   ,7.735625680321597,8.0,2.090826334283515,185574,Consistent
SWEETWATER FARM         ,7.738255033557047,7.0,2.1666887588580073,149,Consistent
DISARONNO INTERNATIONAL LLC,7.738672902660041,8.0,2.0923967421555787,6842,Consistent
STATE WINE & SPIRITS   ,7.754164474837805,8.0,2.2500168480531557,11406,Consistent
SIDNEY FRANK IMPORTING CO  ,7.781235801908224,8.0,2.205985170630228,8804,Consistent
MARTIGNETTI COMPANIES,7.787944721140934,8.0,2.1716260074588334,176487,Consistent
SOUTHERN GLAZERS W&S OF NE ,7.791666666666667,8.0,2.1016905021532506,192,Consistent
"HOOD RIVER DISTILLERS, Inc.",7.807228915662651,7.0,2.476513241879087,83,Moderate
CALEDONIA SPIRITS INC      ,7.809885931558935,8.0,2.2999026322600087,1315,Consistent
WESTERN SPIRITS BEVERAGE CO,7.825528498795825,8.0,2.344536942474835,3737,Consistent
BRONCO WINE COMPANY        ,7.836734693877551,8.0,1.818274580193979,49,Consistent
SHAW ROSS INT L IMP LTD    ,7.8396901072705605,8.0,2.081466994912338,8390,Consistent
CENTEUR IMPORTS LLC        ,7.841121495327103,8.0,2.124206989480129,107,Consistent
LABELLE VYDS AND WINERY    ,7.843155893536122,8.0,2.338019997658582,1052,Consistent
TY KU LLC                  ,7.852589641434263,8.0,2.255256807313143,251,Consistent
"STOLI GROUP,(USA) LLC      ",7.865736306836321,8.0,2.1389599081359316,21927,Consistent
JEWELL TOWNE VINEYARDS     ,7.8951890034364265,8.0,2.302661234180342,582,Consistent
R.P.IMPORTS INC            ,7.904109589041096,9.0,2.6413610946381194,73,Moderate
M S WALKER INC             ,7.905498616923186,8.0,2.076089180676074,112792,Consistent
MANGO BOTTLING INC         ,7.90566037735849,8.0,2.3159104649116613,2120,Consistent
WILLIAM GRANT & SONS INC   ,7.917531193046404,8.0,2.163669928153999,28532,Consistent
ZORVINO VINEYARDS          ,7.918735891647856,8.0,2.218603669435434,886,Consistent
PREMIER DISTRIBUTORS       ,7.927857935627081,8.0,2.2920904494989225,901,Consistent
SURVILLE ENTERPRISES CORP  ,7.934131736526946,8.0,2.1735433166459117,668,Consistent
DJINN SPIRITS LLC          ,7.9375,8.0,2.0889684625834257,224,Consistent
BLACK PRINCE DISTILLERY INC,7.9411764705882355,8.0,1.946158504237825,68,Consistent
SWEET BABY VINEYARD        ,7.951902368987796,8.0,2.054882302667882,1393,Consistent
TALL SHIP DISTILLERY LLC   ,7.955390334572491,8.0,2.2835105567397873,269,Consistent
MILTONS DISTRIBUTING CO    ,7.956521739130435,8.0,1.460954260673022,23,Consistent
HAUNTING WHISPER VYDS      ,7.9655172413793105,8.0,2.0430929188698483,58,Consistent
PSP WINES ,7.98306389530408,8.0,2.1061264010813354,1299,Consistent
GILMANTON WINERY & VINEYARD,8.0,8.0,1.154700538379251,43,Consistent
PARK STREET IMPORTS LLC    ,8.01126126126126,8.0,1.9374785769986926,444,Consistent
FLAG HILL WINERY & VINEYARD,8.015021459227468,8.0,2.3647050679913155,1864,Consistent
Dunn Wine Brokers          ,8.015974440894569,8.0,2.1083777697218924,313,Consistent
OLE SMOKY DISTILLERY LLC   ,8.04189270644967,8.0,2.044218515202507,3318,Consistent
BLACK ROCK SPIRITS LLC     ,8.052631578947368,8.0,2.013114894621608,19,Consistent
KLIN SPIRITS LLC           ,8.068913857677902,8.0,2.123202992731987,1335,Consistent
VINEYARD BRANDS LLC        ,8.08695652173913,6.0,2.447875581327629,23,Moderate
ATLANTIC IMPORTING COMPANY ,8.101503759398497,8.0,2.050549303761221,266,Consistent
FREDERICK WILDMAN & SONS   ,8.121324771882392,8.0,2.169545412423361,5918,Consistent
Russian Standard Vodka     ,8.139183055975794,8.0,2.2800834510413135,661,Consistent
STAR INDUSTRIES INC.       ,8.235294117647058,9.0,2.1945788822888623,17,Consistent
THE PIERPONT GROUP LLC     ,8.241935483870968,8.0,2.2881410872395294,62,Consistent
AMERICAN SPIRITS EXCHANGE  ,8.25,8.5,1.752549163769328,8,Consistent
TAMWORTH DISTILLING        ,8.30718954248366,8.0,1.9509816886284728,153,Consistent
UNCORKED       ,8.3125,8.0,2.1823152842795195,16,Consistent
FULCHINO VINEYARD INC      ,8.378378378378379,9.0,2.137100216255808,74,Consistent
ULTRA BEVERAGE COMPANY LLP ,8.410476711807126,8.0,2.033623732176355,84034,Consistent
STARK BREWING COMPANY      ,8.487804878048781,9.0,2.134501712572658,41,Consistent
WALPOLE MTN VIEW WINERY    ,8.527027027027026,8.0,2.394188013885894,74,Consistent
VINEDREA WINES LLC         ,8.818181818181818,9.0,2.007089706741851,33,Consistent
BLACK COVE BEVERAGES       ,9.318181818181818,10.0,2.16497196149981,44,Consistent
"IRA GOLDMAN AND WILLIAMS, LLP          ",9.615384615384615,10.0,1.043907845426784,13,Consistent
