VendorName,Total_Quantity,Total_Spent,Num_Orders,Avg_LeadTime,Std_LeadTime,Min_LeadTime,Max_LeadTime,Avg_Cost_Per_Unit,LeadTime_CV,DeliveryScore
DIAGEO NORTH AMERICA INC   ,5459788,50959796.85,243326,7.5496494414900175,2.1911787929352227,3.0,14.0,9.333658532162788,0.2902358327915642,35.5
MARTIGNETTI COMPANIES,2637275,27821473.91,176487,7.787944721140934,2.1716260074588334,3.0,14.0,10.549326069522518,0.2788445585089734,36.0
JIM BEAM BRANDS COMPANY    ,2737165,24203151.05,189832,7.512969362383581,2.3961970164295745,3.0,14.0,8.842415802481765,0.3189414066330429,32.2
PERNOD RICARD USA          ,1647558,24124091.56,107612,7.560950451622496,2.175478339533244,3.0,14.0,14.642332203175851,0.2877255119515313,35.8
BACARDI USA INC            ,1427075,17624378.72,91846,7.700302680574004,2.210197961611465,3.0,14.0,12.350001730813025,0.28702741350508965,35.4
CONSTELLATION BRANDS INC   ,2325892,15573917.9,185574,7.735625680321597,2.090826334283515,3.0,14.0,6.695890393878994,0.2702853551461647,37.3
BROWN-FORMAN CORP          ,1006122,13529433.08,59525,7.547417051658967,2.2234607165759055,3.0,14.0,13.447109873355318,0.29459889407955475,35.0
ULTRA BEVERAGE COMPANY LLP ,1077527,13210613.93,84034,8.410476711807126,2.033623732176355,3.0,14.0,12.260123347257192,0.2417964881017307,38.1
E & J GALLO WINERY         ,1858260,12289608.09,162567,7.619707566726334,2.2762184884147203,3.0,14.0,6.61350300280908,0.2987278013600534,34.2
M S WALKER INC             ,1372841,10935817.3,112792,7.905498616923186,2.076089180676074,3.0,14.0,7.965829473333038,0.26261331274308497,37.6
SAZERAC CO INC             ,1417727,9916770.26,92210,7.5330224487582695,2.1705821160176355,3.0,14.0,6.994837694422127,0.28814226039847135,35.9
MOET HENNESSY USA INC      ,427867,9472995.2,29412,7.431354549163607,2.117798473937425,3.0,14.0,22.140046322805915,0.28498148755071595,36.6
PROXIMO SPIRITS INC.       ,682042,7588029.9,53318,7.2394125811170715,2.169569859213806,3.0,14.0,11.125458402854957,0.29968866049612997,35.6
WILLIAM GRANT & SONS INC   ,302685,5960744.35,28532,7.917531193046404,2.163669928153999,3.0,14.0,19.692896410459717,0.27327583250372905,36.2
PERFECTA WINES             ,553116,5665501.53,34503,7.268150595600383,2.3059371133974684,3.0,14.0,10.242881294339705,0.31726600640241515,33.3
WINE GROUP INC             ,888385,5258636.79,106106,7.633489152357077,2.1479505853555945,3.0,14.0,5.919321904354531,0.28138516247086665,36.3
CAMPARI AMERICA            ,501284,4141720.71,28622,7.347739501083083,2.0462998718926055,3.0,14.0,8.262224028694312,0.27849379684608766,37.8
SOUTHERN WINE & SPIRITS NE ,402677,3699813.46,29872,7.528990358864489,2.261760388105434,3.0,14.0,9.188042674401567,0.3004068647056349,34.4
"STOLI GROUP,(USA) LLC      ",314035,3666478.72,21927,7.865736306836321,2.1389599081359316,3.0,14.0,11.675382425525818,0.2719338437873775,36.6
SAZERAC NORTH AMERICA INC. ,503931,3537977.55,54331,7.5065064143858935,2.229070396210696,3.0,14.0,7.020757901379355,0.2969517739888664,34.9
MAJESTIC FINE WINES        ,446119,3506668.63,19929,7.197300416478499,2.1130747843556676,3.0,14.0,7.860388438959111,0.29359268921409765,36.5
REMY COINTREAU USA INC     ,142363,3354958.2800000003,12666,7.582899099952629,2.241472077502688,3.0,14.0,23.56622352718052,0.2955956617590614,34.8
PINE STATE TRADING CO      ,424427,3129071.59,26970,7.3902113459399335,2.1037058018195283,3.0,14.0,7.372461200630497,0.2846611149998127,36.8
STE MICHELLE WINE ESTATES  ,419822,3086650.7,28223,7.58168869361868,2.2405908168269946,3.0,14.0,7.35228430144204,0.2955266177985974,34.8
TREASURY WINE ESTATES      ,497770,2978686.4,39772,7.301543799658051,2.2225988887083292,3.0,14.0,5.984061715250015,0.30440122660257396,34.8
HEAVEN HILL DISTILLERIES   ,352348,2816661.94,31711,7.381066506890353,2.314347175479838,3.0,14.0,7.99397737464098,0.31355186588812806,33.4
PALM BAY INTERNATIONAL INC ,375697,2693984.33,31168,7.470642967145791,2.312394105749024,3.0,14.0,7.170630401626843,0.30953080155462037,33.5
TRINCHERO FAMILY ESTATES   ,352526,2252211.31,33271,7.129842806047308,2.2769943584960117,3.0,14.0,6.388780714046623,0.3193610883769747,33.6
LUXCO INC                  ,283260,2051436.01,26420,7.64560938682816,2.1634525461859533,3.0,14.0,7.2422368495375276,0.28296665925846864,36.1
MHW LTD                    ,215201,1888333.01,13923,7.617036558213028,2.2986357691267094,3.0,14.0,8.774740870163242,0.30177559889064964,33.9
EDRINGTON AMERICAS         ,62542,1882832.84,7081,7.332297698065245,2.2076236526159394,3.0,14.0,30.105094816283458,0.3010821087090421,35.1
KOBRAND CORPORATION        ,161002,1808146.33,11748,7.620956758597208,2.25966366704085,3.0,14.0,11.230583036235576,0.29650655929673414,34.5
SIDNEY FRANK IMPORTING CO  ,186464,1715908.8800000001,8804,7.781235801908224,2.205985170630228,3.0,14.0,9.202360133859619,0.2835006195403107,35.5
CASTLE BRANDS CORP.        ,105220,1679383.91,11714,7.473535939900973,2.27676687216682,3.0,14.0,15.96069102832161,0.30464386476168975,34.1
BANFI PRODUCTS CORP        ,228103,1628866.68,23510,7.472522330923011,2.136338824167145,3.0,14.0,7.140926160550277,0.2858925981828766,36.4
DELICATO VINEYARDS INC     ,192642,1561444.6300000001,28000,7.678642857142857,2.145418967167645,3.0,14.0,8.105421611071314,0.2794008012980998,36.4
STATE WINE & SPIRITS   ,154092,1529682.04,11406,7.754164474837805,2.2500168480531557,3.0,14.0,9.927069802455676,0.290168831903739,34.8
DIAGEO CHATEAU ESTATE WINES,187841,1365472.83,12356,7.4202816445451605,2.163425746526711,3.0,14.0,7.2693013239921,0.29155574547727586,35.9
VINEYARD BRANDS INC        ,171919,1196162.81,12051,7.47680690399137,2.3200777553443315,3.0,14.0,6.957711538573398,0.31030328656820017,33.4
DISARONNO INTERNATIONAL LLC,103095,1141947.85,6842,7.738672902660041,2.0923967421555787,3.0,14.0,11.076655996896069,0.2703818559686573,37.2
FREDERICK WILDMAN & SONS   ,70932,759449.24,5918,8.121324771882392,2.169545412423361,3.0,14.0,10.706722494783737,0.26714181163333717,36.2
SHAW ROSS INT L IMP LTD    ,69127,624979.64,8390,7.8396901072705605,2.081466994912338,3.0,14.0,9.041035196088359,0.26550373374860536,37.5
VINILANDIA USA             ,59428,548855.37,4537,7.243993828521049,2.0651267321196025,3.0,13.0,9.235635895537458,0.2850812384721791,37.4
PHILLIPS PRODUCTS CO.      ,40054,430945.89,4981,7.012447299739009,2.109132383499847,3.0,13.0,10.759122434713138,0.300769801660876,36.3
OLE SMOKY DISTILLERY LLC   ,110162,387622.69,3318,8.04189270644967,2.044218515202507,3.0,13.0,3.5186606089214068,0.25419619358550083,38.1
WESTERN SPIRITS BEVERAGE CO,56860,361249.21,3737,7.825528498795825,2.344536942474835,3.0,14.0,6.353310059795991,0.2996010995085644,33.3
FABRIZIA SPIRITS LLC       ,28071,358390.62,3083,7.666558546869932,2.1102959944887028,3.0,14.0,12.767290798332798,0.2752598811562308,36.9
CHARLES JACQUIN ET CIE INC ,43947,329637.62,4637,7.401121414707785,2.382615811178197,3.0,14.0,7.500799144423965,0.32192632408966754,32.3
LATITUDE BEVERAGE COMPANY  ,53090,316446.76,3754,7.604954714970698,2.081803456967138,3.0,13.0,5.960571859107176,0.27374304450084547,37.3
MCCORMICK DISTILLING CO    ,29788,310552.87,2576,7.666149068322981,2.22281970834979,3.0,14.0,10.425435410232309,0.28995258095549215,35.1
FLAG HILL WINERY & VINEYARD,20608,300403.2,1864,8.015021459227468,2.3647050679913155,3.0,14.0,14.577018633540373,0.2950341530612994,33.2
CRUSH WINES                ,26349,287189.9,2056,7.669260700389105,2.3181393323350967,3.0,14.0,10.899461080116893,0.302263728264901,33.6
CALEDONIA SPIRITS INC      ,8202,259604.7,1315,7.809885931558935,2.2999026322600087,3.0,14.0,31.651389904901244,0.2944860721929807,34.0
VRANKEN AMERICA            ,13094,208330.15,881,7.610669693530079,2.2031639709334168,3.0,13.0,15.910352069650221,0.2894835881271201,35.4
MANGO BOTTLING INC         ,28414,204510.38,2120,7.90566037735849,2.3159104649116613,3.0,13.0,7.197521644259872,0.29294332849717913,33.8
LAIRD & CO                 ,21422,203011.58,1473,7.564833672776646,2.0984690304859983,3.0,13.0,9.47677994585006,0.2773979073773558,37.1
SEA HAGG DISTILLERY LLC    ,15412,188044.46,1183,7.022823330515638,2.0382102418327905,3.0,13.0,12.201171814170776,0.29022661483969564,37.6
MARSALLE COMPANY           ,7158,185311.19,937,7.7086446104589115,2.218670768094224,3.0,13.0,25.888682592903045,0.2878159365505037,35.2
DUGGANS DISTILLED PRODUCTS ,18814,184296.5,1247,7.539695268644747,2.210761851681267,3.0,13.0,9.795710641012013,0.29321634003898533,35.2
Serralles Usa LLC          ,10463,168993.61,1509,7.117296222664016,2.12915821409671,3.0,14.0,16.151544490107998,0.2991526764499009,36.1
AMERICAN VINTAGE BEVERAGE  ,15778,156357.28,2192,7.385036496350365,2.0616944103483132,3.0,13.0,9.909828875649639,0.27917186480624556,37.5
LABELLE VYDS AND WINERY    ,12855,146839.55,1052,7.843155893536122,2.338019997658582,3.0,13.0,11.422757681835861,0.2980968412964281,33.5
SWEET BABY VINEYARD        ,16805,140577.9,1393,7.951902368987796,2.054882302667882,3.0,13.0,8.365242487354953,0.25841392503533084,37.9
Russian Standard Vodka     ,12798,138907.27,661,8.139183055975794,2.2800834510413135,3.0,13.0,10.853826379121736,0.2801366470517302,34.5
PSP WINES ,16493,128895.69,1299,7.98306389530408,2.1061264010813354,3.0,14.0,7.815175529012309,0.26382431967258,37.1
BULLY BOY DISTILLERS       ,5382,117928.22,741,7.2604588394062075,2.435306585947705,3.0,14.0,21.911597918989223,0.33542047958870813,31.1
NICHE W & S                ,9277,111031.77,788,7.069796954314721,2.350257810485212,3.0,13.0,11.968499514929396,0.33243639466206193,32.2
SEA BREEZE CELLARS LLC     ,8473,108948.09,591,7.353637901861252,2.172669091354483,3.0,12.0,12.8582662575239,0.2954550006881039,35.7
KLIN SPIRITS LLC           ,6840,103484.29,1335,8.068913857677902,2.123202992731987,3.0,13.0,15.129282163742689,0.263133679474304,36.9
VINEXTRA INC               ,8530,102639.51,805,7.6546583850931675,2.070281012679816,3.0,14.0,12.032767878077374,0.2704602751066621,37.6
ZORVINO VINEYARDS          ,10550,86122.71,886,7.918735891647856,2.218603669435434,3.0,13.0,8.163290047393366,0.2801714440022512,35.4
PREMIER DISTRIBUTORS       ,5916,84530.87,901,7.927857935627081,2.2920904494989225,3.0,14.0,14.288517579445571,0.28911850692965546,34.2
ADAMBA IMPORTS INTL INC    ,4732,76770.25,626,7.605431309904153,2.11642775772624,3.0,13.0,16.223636939983095,0.27827846593921995,36.8
Dunn Wine Brokers          ,5448,72055.3,313,8.015974440894569,2.1083777697218924,3.0,13.0,13.226009544787079,0.2630220175061588,37.1
MOONLIGHT MEADERY          ,7967,71357.59,681,7.083700440528634,2.478207688113788,3.0,14.0,8.9566449102548,0.3498464833344713,30.1
SMOKY QUARTZ DISTILLERY LLC,3197,69803.71,276,7.547101449275362,2.4778199224020376,3.0,13.0,21.834128870816393,0.32831411357799445,30.9
PARK STREET IMPORTS LLC    ,4349,69459.42,444,8.01126126126126,1.9374785769986926,3.0,14.0,15.97135433432973,0.2418443880200786,39.7
"PREMIUM PORT WINES, INC.   ",8167,59760.740000000005,692,7.460982658959537,2.1015969848710228,3.0,13.0,7.317342965593242,0.281678309806459,36.9
JEWELL TOWNE VINEYARDS     ,6630,54332.37,582,7.8951890034364265,2.302661234180342,3.0,13.0,8.194927601809955,0.2916537188885656,34.0
SURVILLE ENTERPRISES CORP  ,6504,51325.77,668,7.934131736526946,2.1735433166459117,3.0,13.0,7.891416051660516,0.27394847839989983,36.1
DJINN SPIRITS LLC          ,2637,48830.78,224,7.9375,2.0889684625834257,3.0,12.0,18.517550246492224,0.2631771291443686,37.4
TALL SHIP DISTILLERY LLC   ,2236,48445.58,269,7.955390334572491,2.2835105567397873,3.0,13.0,21.66618067978533,0.2870394111042069,34.4
FORTUNE WINE BROKERS LLC   ,5072,46940.17,402,7.385572139303482,2.041487599026126,3.0,14.0,9.254765378548896,0.27641563314533607,37.9
TAKARA SAKE USA INC        ,9066,45289.34,737,7.345997286295794,2.2938868108691803,3.0,13.0,4.99551511140525,0.3122634982657159,33.6
POVERTY LANE ORCHARDS      ,5872,45269.01,470,7.5702127659574465,2.204464832977991,3.0,12.0,7.709300068119892,0.29120249339506904,35.4
WEIN BAUER INC             ,3014,43517.0,402,7.126865671641791,2.022646010713204,3.0,14.0,14.43828798938288,0.2838058276812245,38.0
Circa Wines                ,3320,42554.34,233,6.948497854077253,1.9776575030446555,3.0,12.0,12.817572289156626,0.2846165523220536,38.5
ATLANTIC IMPORTING COMPANY ,1847,41116.32,266,8.101503759398497,2.050549303761221,3.0,13.0,22.26113697888468,0.25310724584709265,38.0
TAMWORTH DISTILLING        ,1990,41036.44,153,8.30718954248366,1.9509816886284728,3.0,12.0,20.62132663316583,0.23485460138485942,39.4
SOUTHERN GLAZERS W&S OF NE ,4198,40803.92,192,7.791666666666667,2.1016905021532506,3.0,12.0,9.71984754645069,0.26973567942073806,37.1
MARTIGNETTI COMPANIES ,3136,40216.11,294,6.697278911564626,1.9725573075323197,3.0,12.0,12.824014668367347,0.29453115714296696,38.3
TY KU LLC                  ,3003,38921.47,251,7.852589641434263,2.255256807313143,3.0,13.0,12.960862470862471,0.2871991165071532,34.8
CANDIA VINEYARDS           ,2609,36588.01,226,7.548672566371682,2.3361550574203576,3.0,13.0,14.023767727098505,0.3094789231987109,33.2
ALISA CARR BEVERAGES           ,438,34951.68,63,6.809523809523809,2.7230032214044115,3.0,12.0,79.79835616438356,0.399881591954494,25.0
SWEETWATER FARM         ,1629,34708.03,149,7.738255033557047,2.1666887588580073,3.0,13.0,21.30634131368938,0.27999707291400094,36.1
STARK BREWING COMPANY      ,1212,25961.04,41,8.487804878048781,2.134501712572658,3.0,12.0,21.42,0.2514786500444798,36.7
STELLAR IMPORTING CO LLC   ,3104,24560.08,225,7.471111111111111,2.240119398745281,3.0,13.0,7.912396907216495,0.2998375161913672,34.7
INCREDIBREW INC            ,2786,24525.84,231,7.562770562770563,1.9724624059235856,3.0,12.0,8.8032447954056,0.2608121441146813,39.1
"HOOD RIVER DISTILLERS, Inc.",1137,24035.96,83,7.807228915662651,2.476513241879087,3.0,12.0,21.13980650835532,0.3172077146234016,31.3
R.P.IMPORTS INC            ,498,18776.87,73,7.904109589041096,2.6413610946381194,3.0,12.0,37.704558232931724,0.33417566708593194,28.8
THE IMPORTED GRAPE LLC     ,2280,16093.77,192,7.729166666666667,2.2088786412245334,3.0,13.0,7.0586710526315795,0.2857848376786458,35.4
BLACK COVE BEVERAGES       ,919,14465.06,44,9.318181818181818,2.16497196149981,5.0,13.0,15.74,0.23233845440485765,35.8
ALTAMAR BRANDS LLC         ,332,11706.199999999999,57,7.578947368421052,2.427133585859877,3.0,12.0,35.25963855421686,0.3202467925787338,31.8
FULCHINO VINEYARD INC      ,949,11147.77,74,8.378378378378379,2.137100216255808,3.0,12.0,11.746859852476291,0.25507325161762867,36.7
VINEYARD BRANDS LLC        ,371,10951.51,23,8.08695652173913,2.447875581327629,6.0,12.0,29.5188948787062,0.3026942923147068,32.0
WALPOLE MTN VIEW WINERY    ,805,9292.31,74,8.527027027027026,2.394188013885894,4.0,12.0,11.543242236024843,0.2807764073336865,32.9
CENTEUR IMPORTS LLC        ,771,6237.08,107,7.841121495327103,2.124206989480129,3.0,12.0,8.089597924773022,0.2709060165367983,36.8
BLACK PRINCE DISTILLERY INC,807,5971.94,68,7.9411764705882355,1.946158504237825,4.0,12.0,7.400173482032217,0.24507181164476316,39.6
THE PIERPONT GROUP LLC     ,580,5713.19,62,8.241935483870968,2.2881410872395294,4.0,13.0,9.850327586206896,0.277621814890119,34.4
"IRA GOLDMAN AND WILLIAMS, LLP          ",328,5630.88,13,9.615384615384615,1.043907845426784,7.0,11.0,17.167317073170732,0.10856641592438554,49.8
HIGHLAND WINE MERCHANTS LLC,372,5500.32,28,5.321428571428571,2.1782352936973997,3.0,9.0,14.785806451612903,0.40933280686931,29.6
GILMANTON WINERY & VINEYARD,516,5393.04,43,8.0,1.154700538379251,5.0,10.0,10.451627906976745,0.14433756729740638,51.6
HAUNTING WHISPER VYDS      ,669,5388.58,58,7.9655172413793105,2.0430929188698483,3.0,12.0,8.054678624813153,0.25649218462002427,38.1
VINEDREA WINES LLC         ,205,4657.6,33,8.818181818181818,2.007089706741851,5.0,12.0,22.720000000000002,0.22760811107381815,38.3
UNCORKED       ,243,2966.31,16,8.3125,2.1823152842795195,6.0,12.0,12.207037037037036,0.2625341695373858,36.0
STAR INDUSTRIES INC.       ,151,2452.29,17,8.235294117647058,2.1945788822888623,4.0,13.0,16.240331125827815,0.2664845785636476,35.8
APPOLO VINEYARDS LLC       ,230,2399.7,18,7.444444444444445,2.148110584901839,5.0,12.0,10.433478260869565,0.28855216812114254,36.2
LOYAL DOG WINERY           ,240,2320.8,20,5.95,2.438183102661747,4.0,12.0,9.67,0.40977867271626,27.1
BRONCO WINE COMPANY        ,433,2071.9,49,7.836734693877551,1.818274580193979,4.0,12.0,4.784988452655889,0.23201941257683587,41.5
MILTONS DISTRIBUTING CO    ,267,1824.18,23,7.956521739130435,1.460954260673022,5.0,11.0,6.8321348314606745,0.1836172021610902,47.0
AMERICAN SPIRITS EXCHANGE  ,132,1205.16,8,8.25,1.752549163769328,5.0,11.0,9.13,0.21243020166900944,42.3
BLACK ROCK SPIRITS LLC     ,82,1152.1,19,8.052631578947368,2.013114894621608,5.0,12.0,14.049999999999999,0.24999466011640886,38.5
TRUETT HURST               ,24,236.64,1,5.0,,5.0,5.0,9.86,0.0,80.8
LAUREATE IMPORTS CO        ,29,140.94,1,10.0,,10.0,10.0,4.86,0.0,61.5
FANTASY FINE WINES CORP    ,24,128.64,2,7.5,2.1213203435596424,6.0,9.0,5.359999999999999,0.282842712474619,36.6
AAPER ALCOHOL & CHEMICAL CO,1,105.07,1,10.0,,10.0,10.0,105.07,0.0,61.5
SILVER MOUNTAIN CIDERS     ,17,77.17999999999999,2,8.5,0.7071067811865476,8.0,9.0,4.539999999999999,0.0831890330807703,57.2
CAPSTONE INTERNATIONAL     ,4,54.64,1,8.0,,8.0,8.0,13.66,0.0,69.2
FLAVOR ESSENCE INC         ,1,17.0,1,13.0,,13.0,13.0,17.0,0.0,50.0
